null
null
null
null
null
mailto:info@martaonline.eu
mailto:info@martaonline.eu
mailto:info@martaonline.eu
mailto:info@martaonline.eu
mailto:info@gundula-dupont.com
mailto:info@gundula-dupont.com
mailto:info@gundula-dupont.com
mailto:info@gundula-dupont.com
mailto:info@martaonline.eu
mailto:usachev_v@mateo-glass.com
mailto:usachev_v@mateo-glass.com
mailto:usachev_v@mateo-glass.com
mailto:usachev_v@mateo-glass.com
mailto:info@gundula-dupont.com
mailto:tomas@sklostudio.com
mailto:tomas@sklostudio.com
mailto:tomas@sklostudio.com
mailto:tomas@sklostudio.com
mailto:usachev_v@mateo-glass.com
null
null
null
null
mailto:tomas@sklostudio.com
mailto:info@martaonline.eu
mailto:info@martaonline.eu
mailto:info@martaonline.eu
mailto:info@martaonline.eu
null
mailto:info@gundula-dupont.com
mailto:info@gundula-dupont.com
mailto:info@gundula-dupont.com
mailto:info@gundula-dupont.com
mailto:info@martaonline.eu
mailto:usachev_v@mateo-glass.com
mailto:usachev_v@mateo-glass.com
mailto:usachev_v@mateo-glass.com
mailto:usachev_v@mateo-glass.com
mailto:info@gundula-dupont.com
mailto:tomas@sklostudio.com
mailto:tomas@sklostudio.com
mailto:tomas@sklostudio.com
mailto:tomas@sklostudio.com
mailto:usachev_v@mateo-glass.com
mailto:lamourmarc@wanadoo.fr
mailto:tomas@sklostudio.com
mailto:emilianamartinelli@martinelliluce.it
mailto:info@meander-bv.nl
mailto:geral@wisemadness.com
null
null
mailto:info@melazic.com
mailto:info@martinhuxford.com
null
null
mailto:info@marcvidal.com
null
null
mailto:margote.ceramiste@free.fr
null
null
null
null
null
null
mailto:marushin_teamhongkong@marushinkk.co.jp
null
mailto:ronan.lemestre@mariagefreres.com
null
mailto:alain.lahy@jnl.be
null
null
mailto:flavio@mariaterracota.com
mailto:c.nagard@letempsdescerises.fr
null
null
mailto:marie@mellipou.com
null
null
null
null
null
mailto:mcmredaction@gmc.tm.fr
null
mailto:mascagnihome@mascagni.it
null
null
null
mailto:philippine@mariedaage.com
mailto:info@masdouvan.com
null
mailto:info@mabele.it
mailto:marie.juge@free.fr
null
mailto:kamiyama@taiyotoryo.co.jp
null
mailto:marie@maconetlesquoy.com
null
null
null
null
mailto:mallemouche.olivier@bbox.fr
null
null
mailto:marine@mamanetrose.com
null
null
null
mailto:serge.silber@mariescorner;com
null
mailto:customerserviceuk@merimeri.com
mailto:marie.talalaeff@gmail.com
null
mailto:sarah@mamix.fr
null
mailto:info@merowings.com
null
null
mailto:mf@massimo.dk
null
null
mailto:carolina@masterdynamic.com
mailto:merveilles.du.monde@wanadoo.fr
mailto:mademoisellelulubelle@gmail.com
null
null
mailto:office@message-candles.com
null
mailto:brosenthal@maisons-de-campagne.net
mailto:usachev_v@mateo-glass.com
mailto:export@metalmobil.com
null
null
mailto:marielise.fery@outlook.fr
mailto:lbugniet@free.fr
mailto:info@materia-design.com
null
null
null
mailto:contact@marketset.fr
mailto:contact@mathilde-m.com
mailto:contact@manufactori.com
mailto:jose.cabatu@michaelaram.com
null
mailto:sales@mags-vertrieb.de
mailto:info@michaelverheyden.com
mailto:reginabarroso@photo-fotomais.com
null
mailto:mbb@mathy-by-bols.be
mailto:martin@michel-ferrand.com
mailto:m.creations@free.fr
mailto:infos@mahatsara.com
null
mailto:info@micheltaillis.com
null
null
mailto:contact@mapoesie.fr
null
null
null
mailto:ermaillard@maillard-maillard.com
null
null
null
mailto:l.mesnildrey@mauviel.com
null
mailto:toni@maison-pederrey.eu
mailto:midene@midene.lt
null
null
null
null
mailto:bienvenue@midipy.fr
null
null
mailto:contact@marnicays.com
mailto:maxfurn@maxfurn.com
mailto:info@mifuko.fi
null
mailto:maisonclaire@maisonclaire.it
mailto:manuela.corradini@marazzigroup.com
mailto:info@miganistore.it
mailto:elisabusson@gmail.com
mailto:s.sola@marcacorona.it
null
null
mailto:info@maisondevacances.com
null
mailto:caroline@agerti.be
mailto:info@mihounexpected.it
null
mailto:cwp@hedwig-bollhagen.com
null
null
mailto:mctfrance2009@yahoo.fr
mailto:cwp@hedwig-bollhagen.com
null
mailto:info@martaonline.eu
mailto:thierry.martenon@wanadoo.fr
mailto:info@martaonline.eu
mailto:info@martaonline.eu
null
mailto:cwp@hedwig-bollhagen.com
mailto:info@martaonline.eu
mailto:info@martaonline.eu
null
mailto:cwp@hedwig-bollhagen.com
mailto:info@martaonline.eu
null
mailto:info@martaonline.eu
mailto:cwp@hedwig-bollhagen.com
mailto:cwp@hedwig-bollhagen.com
mailto:cwp@hedwig-bollhagen.com
mailto:cwp@hedwig-bollhagen.com
mailto:info@martaonline.eu
mailto:info@martaonline.eu
null
mailto:info@martaonline.eu
mailto:cwp@hedwig-bollhagen.com
null
mailto:cwp@hedwig-bollhagen.com
mailto:cwp@hedwig-bollhagen.com
mailto:info@martaonline.eu
mailto:info@martaonline.eu
mailto:cwp@hedwig-bollhagen.com
mailto:info@martaonline.eu
mailto:cwp@hedwig-bollhagen.com
mailto:info@martaonline.eu
null
mailto:cwp@hedwig-bollhagen.com
null
mailto:info@martaonline.eu
null
mailto:info@martaonline.eu
mailto:info@martaonline.eu
mailto:cwp@hedwig-bollhagen.com
mailto:cwp@hedwig-bollhagen.com
mailto:cwp@hedwig-bollhagen.com
mailto:info@martaonline.eu
mailto:info@martaonline.eu
mailto:info@martaonline.eu
null
mailto:cwp@hedwig-bollhagen.com
mailto:cwp@hedwig-bollhagen.com
mailto:cwp@hedwig-bollhagen.com
