mailto:info@martaonline.eu
mailto:info@martaonline.eu
mailto:info@martaonline.eu
mailto:info@martaonline.eu
mailto:info@martaonline.eu
mailto:info@gundula-dupont.com
mailto:tomas@sklostudio.com
mailto:info@gundula-dupont.com
null
mailto:usachev_v@mateo-glass.com
mailto:info@gundula-dupont.com
mailto:info@gundula-dupont.com
mailto:tomas@sklostudio.com
mailto:info@gundula-dupont.com
mailto:info@martaonline.eu
mailto:tomas@sklostudio.com
mailto:tomas@sklostudio.com
mailto:tomas@sklostudio.com
null
mailto:usachev_v@mateo-glass.com
null
mailto:info@martaonline.eu
mailto:usachev_v@mateo-glass.com
mailto:info@gundula-dupont.com
null
mailto:info@gundula-dupont.com
mailto:info@martaonline.eu
mailto:tomas@sklostudio.com
mailto:usachev_v@mateo-glass.com
null
mailto:info@gundula-dupont.com
mailto:tomas@sklostudio.com
mailto:info@martaonline.eu
mailto:usachev_v@mateo-glass.com
mailto:tomas@sklostudio.com
mailto:usachev_v@mateo-glass.com
mailto:info@gundula-dupont.com
mailto:info@gundula-dupont.com
null
null
mailto:tomas@sklostudio.com
mailto:tomas@sklostudio.com
mailto:usachev_v@mateo-glass.com
mailto:usachev_v@mateo-glass.com
null
null
null
null
mailto:usachev_v@mateo-glass.com
mailto:usachev_v@mateo-glass.com
null
mailto:mdk@rvb.be
mailto:usachev_v@mateo-glass.com
null
mailto:parisoffice@augousti.com
mailto:sabandsab@gmail.com
mailto:info@sennes.org
mailto:commercial@andre-verdier.fr
null
mailto:info@siretex-sensei.com
mailto:export@scabitaly.com
mailto:contact@sabre.fr
mailto:atmo21@hotmail.com
null
mailto:michel@sabrinaparis.fr
null
null
mailto:resort@sifas.fr
null
mailto:info@alain-saint-joanis.com
mailto:cedric@883.fr
mailto:info@scandi-chic.com
mailto:info@alain-saint-joanis.com
mailto:k.sarkisyan@burda.ru
mailto:lmaes@scapaworld.com
mailto:timo.keersmaekers@aertsnv.be
mailto:achrun@exhibis.com
null
null
mailto:caroline@room2a.com
null
null
null
mailto:peter@lifesolutions.be
mailto:sandrine.giraud1@worldonline.fr
mailto:info@serax.com
mailto:info@sigebene.com
mailto:export@schiavon.it
null
null
mailto:angela.schramm@schramm-werkstaetten.de
null
mailto:info@santelmodesign.com
mailto:paola.froschauer@sigikid.de
mailto:info@schwunghome.com
mailto:info@sigmal2.it
null
null
mailto:nvolt@signature.fr
mailto:coutellerie.verdier@wanadoo.fr
mailto:sarah@sarahcolson.com
null
null
mailto:contact@saranyshop.com
null
null
null
null
null
null
mailto:info@rosamosa.com
null
mailto:diletta.weber@signoria.com
mailto:serip@serip.com.pt
mailto:contact@rosannaspring.com
null
mailto:la@sika-design.com
mailto:g.berselli@settecento.com
null
mailto:info@sasawashi.com
mailto:gile@searchlightelectric.com
mailto:sevinch@passementerie.org
null
mailto:bonjour@seasonpapercollection.com
mailto:contact@roseetmarius.com
null
mailto:l.morganti@silia.eu
mailto:elodiemulliez@hotmail.fr
null
mailto:sara.boscia@silikomart.com
mailto:info@savonbormes.com
null
mailto:info@sebra.dk
mailto:studio@sewheartfelt.co.uk
mailto:info@savoretsens.com
null
null
null
mailto:cwp@hedwig-bollhagen.com
mailto:andreas.gerecke@rosenthal.de
mailto:sharda@shardaindia.com
mailto:cwp@hedwig-bollhagen.com
mailto:info@martaonline.eu
mailto:info@martaonline.eu
null
null
null
null
mailto:cwp@hedwig-bollhagen.com
null
null
null
mailto:sales@silodesign.com
mailto:cwp@hedwig-bollhagen.com
null
null
null
mailto:info@martaonline.eu
mailto:info@rotter-glas.com
mailto:contact@see-concept.com
mailto:info@biancoperla.eu
mailto:info@martaonline.eu
null
null
mailto:order@shishi.ee
null
mailto:contact2@rougedurhin.com
null
null
null
null
mailto:sales@simla.be
mailto:overseas@shoyeido.co.jp
mailto:JDaniels@royalcrownderby.co.uk
mailto:fitzthum@seide.de
null
null
mailto:m.marin@shuj.it
mailto:hello@simonhasan.com
mailto:info@royaldelft.com
mailto:milica.orlovic@sia-homefashion.com
mailto:araguet@sioou.com
null
mailto:select-tapis@orange.fr
null
null
null
mailto:info@royalgarden.fr
null
null
mailto:vincenzo@selezionidomus.it
null
null
null
null
mailto:sema@semacad.fr
mailto:lneamatalla@siwa.com
mailto:maureen@siddickens.com
null
null
mailto:s-kif@hotmail.fr
null
mailto:info@martaonline.eu
mailto:info@rubyfires.com
mailto:info@skitso.gr
mailto:grass-stueve@sieger-germany.com
mailto:cwp@hedwig-bollhagen.com
mailto:marcin@ruemonsieurparis.com
mailto:tomas@sklostudio.com
mailto:cwp@hedwig-bollhagen.com
mailto:info@martaonline.eu
null
mailto:info@martaonline.eu
mailto:cwp@hedwig-bollhagen.com
mailto:gustaf@hamilton-factory.com
null
mailto:cwp@hedwig-bollhagen.com
null
mailto:jose@skylinedesign.es
mailto:info@martaonline.eu
mailto:info@martaonline.eu
mailto:info@martaonline.eu
null
mailto:cwp@hedwig-bollhagen.com
null
mailto:info@martaonline.eu
mailto:info@martaonline.eu
mailto:info@martaonline.eu
mailto:cwp@hedwig-bollhagen.com
mailto:cwp@hedwig-bollhagen.com
mailto:info@martaonline.eu
mailto:cwp@hedwig-bollhagen.com
mailto:cwp@hedwig-bollhagen.com
mailto:cwp@hedwig-bollhagen.com
mailto:info@martaonline.eu
mailto:cwp@hedwig-bollhagen.com
mailto:cwp@hedwig-bollhagen.com
null
mailto:info@martaonline.eu
null
null
mailto:info@martaonline.eu
mailto:info@martaonline.eu
mailto:info@martaonline.eu
mailto:cwp@hedwig-bollhagen.com
mailto:cwp@hedwig-bollhagen.com
mailto:cwp@hedwig-bollhagen.com
mailto:cwp@hedwig-bollhagen.com
mailto:info@martaonline.eu
null
